,cluster numbers
sample_1,752
sample_2,844
sample_3,814
sample_4,2
sample_5,3
sample_6,61
sample_7,721
sample_8,752
sample_9,844
sample_10,844
sample_11,844
sample_12,814
sample_13,2
sample_14,61
sample_15,61
sample_16,630
sample_17,2
sample_18,721
sample_19,630
sample_20,752
sample_21,570
sample_22,630
sample_23,630
sample_24,61
sample_25,3
sample_26,3
sample_27,844
sample_28,876
sample_29,876
sample_30,752
sample_31,3
sample_32,3
sample_33,3
sample_34,3
sample_35,844
sample_36,844
sample_37,844
sample_38,150
sample_39,815
sample_40,876
sample_41,815
sample_42,876
sample_43,876
sample_44,61
sample_45,61
sample_46,2
sample_47,2
sample_48,630
sample_49,630
sample_50,600
sample_51,150
sample_52,630
sample_53,570
sample_54,570
sample_55,150
sample_56,570
sample_57,65
sample_58,3
sample_59,3
sample_60,877
sample_61,876
sample_62,876
sample_63,2
sample_64,3
sample_65,845
sample_66,845
sample_67,844
sample_68,877
sample_69,876
sample_70,815
sample_71,815
sample_72,61
sample_73,2
sample_74,2
sample_75,2
sample_76,570
sample_77,570
sample_78,570
sample_79,570
sample_80,570
sample_81,570
sample_82,570
sample_83,510
sample_84,450
sample_85,184
sample_86,66
sample_87,65
sample_88,7
sample_89,543
sample_90,543
sample_91,184
sample_92,65
sample_93,270
sample_94,3
sample_95,815
sample_96,815
sample_97,59
sample_98,3
sample_99,3
sample_100,3
sample_101,3
sample_102,3
sample_103,3
sample_104,29
sample_105,3
sample_106,3
sample_107,121
sample_108,270
sample_109,815
sample_110,815
sample_111,877
sample_112,785
sample_113,785
sample_114,877
sample_115,270
sample_116,29
sample_117,29
sample_118,2
sample_119,29
sample_120,29
sample_121,180
sample_122,180
sample_123,270
sample_124,180
sample_125,180
sample_126,726
sample_127,726
sample_128,7
sample_129,543
sample_130,543
sample_131,543
sample_132,184
sample_133,184
sample_134,877
sample_135,877
sample_136,59
sample_137,29
sample_138,59
sample_139,29
sample_140,29
sample_141,66
sample_142,726
sample_143,66
sample_144,24
sample_145,24
sample_146,543
sample_147,184
sample_148,59
sample_149,59
sample_150,59
sample_151,59
sample_152,59
sample_153,59
sample_154,59
sample_155,59
sample_156,28
sample_157,28
sample_158,879
sample_159,59
sample_160,59
sample_161,89
sample_162,29
sample_163,29
sample_164,29
sample_165,180
sample_166,270
sample_167,157
sample_168,67
sample_169,758
sample_170,54
sample_171,54
sample_172,54
sample_173,54
sample_174,54
sample_175,54
sample_176,54
sample_177,787
sample_178,89
sample_179,89
sample_180,119
sample_181,59
sample_182,853
sample_183,84
sample_184,84
sample_185,84
sample_186,84
sample_187,84
sample_188,84
sample_189,84
sample_190,119
sample_191,149
sample_192,851
sample_193,250
sample_194,250
sample_195,854
sample_196,115
sample_197,179
sample_198,209
sample_199,209
sample_200,170
sample_201,612
sample_202,170
sample_203,239
sample_204,239
sample_205,828
sample_206,299
sample_207,894
sample_208,359
sample_209,508
sample_210,894
sample_211,389
sample_212,689
sample_213,845
sample_214,61
sample_215,150
sample_216,570
sample_217,752
sample_218,150
sample_219,61
sample_220,61
sample_221,150
sample_222,510
sample_223,510
sample_224,630
sample_225,570
sample_226,121
sample_227,3
sample_228,3
sample_229,3
sample_230,150
sample_231,845
sample_232,877
sample_233,815
sample_234,815
sample_235,180
sample_236,570
sample_237,119
sample_238,150
sample_239,180
sample_240,150
sample_241,180
sample_242,65
sample_243,4
sample_244,4
sample_245,4
sample_246,3
sample_247,121
sample_248,3
sample_249,3
sample_250,3
sample_251,845
sample_252,845
sample_253,845
sample_254,877
sample_255,877
sample_256,877
sample_257,877
sample_258,180
sample_259,270
sample_260,270
sample_261,510
sample_262,270
sample_263,450
sample_264,180
sample_265,450
sample_266,270
sample_267,844
sample_268,630
sample_269,752
sample_270,4
sample_271,876
sample_272,815
sample_273,877
sample_274,180
sample_275,543
sample_276,184
sample_277,3
sample_278,59
sample_279,29
sample_280,24
sample_281,59
sample_282,758
sample_283,853
sample_284,84
sample_285,84
sample_286,119
sample_287,149
sample_288,115
sample_289,170
sample_290,299
sample_291,2
sample_292,61
sample_293,65
sample_294,877
